<?xml version="1.0"?>
<webRowSet xmlns="http://java.sun.com/xml/ns/jdbc" xmlns:xsi="http://www.w3.org/2001/XMLSchema-instance"
xsi:schemaLocation="http://java.sun.com/xml/ns/jdbc http://java.sun.com/xml/ns/jdbc/webrowset.xsd">
  <properties>
    <command>select id,name,age,address,salary from student</command>
    <concurrency>1008</concurrency>
    <datasource><null/></datasource>
    <escape-processing>true</escape-processing>
    <fetch-direction>1000</fetch-direction>
    <fetch-size>0</fetch-size>
    <isolation-level>2</isolation-level>
    <key-columns>
    </key-columns>
    <map>
    </map>
    <max-field-size>0</max-field-size>
    <max-rows>0</max-rows>
    <query-timeout>0</query-timeout>
    <read-only>true</read-only>
    <rowset-type>ResultSet.TYPE_SCROLL_INSENSITIVE</rowset-type>
    <show-deleted>false</show-deleted>
    <table-name>student</table-name>
    <url>jdbc:mysql:///octbatch</url>
    <sync-provider>
      <sync-provider-name>com.sun.rowset.providers.RIOptimisticProvider</sync-provider-name>
      <sync-provider-vendor>Oracle Corporation</sync-provider-vendor>
      <sync-provider-version>1.0</sync-provider-version>
      <sync-provider-grade>2</sync-provider-grade>
      <data-source-lock>1</data-source-lock>
    </sync-provider>
  </properties>
  <metadata>
    <column-count>5</column-count>
    <column-definition>
      <column-index>1</column-index>
      <auto-increment>true</auto-increment>
      <case-sensitive>false</case-sensitive>
      <currency>false</currency>
      <nullable>0</nullable>
      <signed>true</signed>
      <searchable>true</searchable>
      <column-display-size>10</column-display-size>
      <column-label>id</column-label>
      <column-name>id</column-name>
      <schema-name></schema-name>
      <column-precision>10</column-precision>
      <column-scale>0</column-scale>
      <table-name>student</table-name>
      <catalog-name>octbatch</catalog-name>
      <column-type>4</column-type>
      <column-type-name>INT</column-type-name>
    </column-definition>
    <column-definition>
      <column-index>2</column-index>
      <auto-increment>false</auto-increment>
      <case-sensitive>false</case-sensitive>
      <currency>false</currency>
      <nullable>1</nullable>
      <signed>false</signed>
      <searchable>true</searchable>
      <column-display-size>45</column-display-size>
      <column-label>name</column-label>
      <column-name>name</column-name>
      <schema-name></schema-name>
      <column-precision>45</column-precision>
      <column-scale>0</column-scale>
      <table-name>student</table-name>
      <catalog-name>octbatch</catalog-name>
      <column-type>12</column-type>
      <column-type-name>VARCHAR</column-type-name>
    </column-definition>
    <column-definition>
      <column-index>3</column-index>
      <auto-increment>false</auto-increment>
      <case-sensitive>false</case-sensitive>
      <currency>false</currency>
      <nullable>1</nullable>
      <signed>true</signed>
      <searchable>true</searchable>
      <column-display-size>10</column-display-size>
      <column-label>age</column-label>
      <column-name>age</column-name>
      <schema-name></schema-name>
      <column-precision>10</column-precision>
      <column-scale>0</column-scale>
      <table-name>student</table-name>
      <catalog-name>octbatch</catalog-name>
      <column-type>4</column-type>
      <column-type-name>INT</column-type-name>
    </column-definition>
    <column-definition>
      <column-index>4</column-index>
      <auto-increment>false</auto-increment>
      <case-sensitive>false</case-sensitive>
      <currency>false</currency>
      <nullable>1</nullable>
      <signed>false</signed>
      <searchable>true</searchable>
      <column-display-size>45</column-display-size>
      <column-label>address</column-label>
      <column-name>address</column-name>
      <schema-name></schema-name>
      <column-precision>45</column-precision>
      <column-scale>0</column-scale>
      <table-name>student</table-name>
      <catalog-name>octbatch</catalog-name>
      <column-type>12</column-type>
      <column-type-name>VARCHAR</column-type-name>
    </column-definition>
    <column-definition>
      <column-index>5</column-index>
      <auto-increment>false</auto-increment>
      <case-sensitive>false</case-sensitive>
      <currency>false</currency>
      <nullable>1</nullable>
      <signed>true</signed>
      <searchable>true</searchable>
      <column-display-size>10</column-display-size>
      <column-label>salary</column-label>
      <column-name>salary</column-name>
      <schema-name></schema-name>
      <column-precision>10</column-precision>
      <column-scale>0</column-scale>
      <table-name>student</table-name>
      <catalog-name>octbatch</catalog-name>
      <column-type>4</column-type>
      <column-type-name>INT</column-type-name>
    </column-definition>
  </metadata>
  <data>
    <currentRow>
      <columnValue>1</columnValue>
      <columnValue>Ram</columnValue>
      <columnValue>25</columnValue>
      <columnValue>Ayodhya</columnValue>
      <columnValue>5000</columnValue>
    </currentRow>
    <currentRow>
      <columnValue>2</columnValue>
      <columnValue>Mohan</columnValue>
      <columnValue>21</columnValue>
      <columnValue>Mathura</columnValue>
      <columnValue>6500</columnValue>
    </currentRow>
    <currentRow>
      <columnValue>3</columnValue>
      <columnValue>Sita</columnValue>
      <columnValue>22</columnValue>
      <columnValue>Nepal</columnValue>
      <columnValue>7000</columnValue>
    </currentRow>
    <currentRow>
      <columnValue>4</columnValue>
      <columnValue>Rita</columnValue>
      <columnValue>21</columnValue>
      <columnValue>Knp</columnValue>
      <columnValue>5000</columnValue>
    </currentRow>
    <currentRow>
      <columnValue>5</columnValue>
      <columnValue>xwsxsw</columnValue>
      <columnValue>55</columnValue>
      <columnValue>xxsxx</columnValue>
      <columnValue>5455</columnValue>
    </currentRow>
    <currentRow>
      <columnValue>6</columnValue>
      <columnValue>vcvvh</columnValue>
      <columnValue>55</columnValue>
      <columnValue>cvgvg</columnValue>
      <columnValue>8965</columnValue>
    </currentRow>
  </data>
</webRowSet>
